Workbook

Sheet Inputs
A1: Portfolio value | B1: 100000
A3: Trading Days | B3: 252
A5: Asset | B5: Weight
A6: SPY | B6: 0.4
A7: QQQ | B7: 0.25
A8: AGG | B8: 0.25
A9: GLD | B9: 0.1
A11: Portfolio Variance | B11: =Var_Calcs!B11 -> 3.94802e-05
A12: Portfolio St. Dev. | B12: =Var_Calcs!B12 -> 0.0062833271
A14: Historical VaR (1-Day)
A15: 0.9 | B15: =-_xlfn.PERCENTILE.INC(Returns!G2:G251,1-Inputs!A15) -> 654.19827
A16: 0.95 | B16: =-_xlfn.PERCENTILE.INC(Returns!G3:G252,1-Inputs!A16) -> 1044.3787
A17: 0.99 | B17: =-_xlfn.PERCENTILE.INC(Returns!G4:G253,1-Inputs!A17) -> 1560.6414
A19: Parametric VaR (10-Day, 95%)
A20: Days | B20: 10
A21: Expected Return | B21: =(B20/B3)*B1*((Var_Calcs!B8*Inputs!B6)+(Var_Calcs!C8*Inputs!B7)+(Var_Calcs!D8*Inputs!B8)+(Var_Calcs!E8*Inputs!B9)) -> 238.09524
A22: Conf. Interval | B22: 0.95
A23: Z-Score | B23: =_xlfn.NORM.S.INV(B22) -> 1.6448536
A25: VaR | B25: =B1*B12*B23*SQRT(B20) -> 3268.2625

Sheet Prices
A1: Date | B1: SPY Close | D1: QQQ Close | F1: AGG Close | H1: GLD Close
A2: 46134 | B2: 711.21 | D2: 655.11 | F2: 99.61 | H2: 435.26
A3: 46133 | B3: 704.08 | D3: 644.33 | F3: 99.47 | H3: 429.57
A4: 46132 | B4: 710.14 | D4: 646.79 | F4: 99.84 | H4: 445.93
A5: 46129 | B5: 710.14 | D5: 648.85 | F5: 99.85 | H5: 445.93
A6: 46128 | B6: 701.66 | D6: 640.47 | F6: 99.48 | H6: 440.08
A7: 46127 | B7: 699.94 | D7: 637.4 | F7: 99.62 | H7: 440.46
A8: 46126 | B8: 694.46 | D8: 628.6 | F8: 99.78 | H8: 445.09
A9: 46125 | B9: 686.1 | D9: 617.39 | F9: 99.52 | H9: 435.36
A10: 46122 | B10: 679.46 | D10: 611.07 | F10: 99.32 | H10: 437.13
A11: 46121 | B11: 679.91 | D11: 610.19 | F11: 99.49 | H11: 437.91
A12: 46120 | B12: 676.01 | D12: 606.09 | F12: 99.43 | H12: 434.53
A13: 46119 | B13: 659.22 | D13: 588.59 | F13: 99.17 | H13: 431.81
... A252: 45770 | B252: 535.42 | D252: 454.56 | F252: 97.7 | H252: 303.65

Sheet Returns
A1: Date | B1: Spy Daily Return | C1: QQQ Daily Return | D1: AGG Daily Return | E1: GLD Daily Return | G1: Daily Return
A2: 46134 | B2: =(Prices!B2-Prices!B3)/Prices!B3 -> 0.01012669 | C2: =(Prices!D2-Prices!D3)/Prices!D3 -> 0.016730557 | D2: =(Prices!F2-Prices!F3)/Prices!F3 -> 0.0014074595 | E2: =(Prices!H2-Prices!H3)/Prices!H3 -> 0.013245804 | G2: =Inputs!$B$1*((Inputs!$B$6*Returns!B2)+(Inputs!$B$7*Returns!C2)+(Inputs!$B$8*Returns!D2)+(Inputs!$B$9*Returns!E2)) -> 990.97607
A3: 46133 | B3: =(Prices!B3-Prices!B4)/Prices!B4 -> -0.0085335286 | C3: =(Prices!D3-Prices!D4)/Prices!D4 -> -0.0038033983 | D3: =(Prices!F3-Prices!F4)/Prices!F4 -> -0.0037059295 | E3: =(Prices!H3-Prices!H4)/Prices!H4 -> -0.036687372 | G3: =Inputs!$B$1*((Inputs!$B$6*Returns!B3)+(Inputs!$B$7*Returns!C3)+(Inputs!$B$8*Returns!D3)+(Inputs!$B$9*Returns!E3)) -> -895.94806
A4: 46132 | B4: =(Prices!B4-Prices!B5)/Prices!B5 -> 0 | C4: =(Prices!D4-Prices!D5)/Prices!D5 -> -0.0031748478 | D4: =(Prices!F4-Prices!F5)/Prices!F5 -> -0.00010015023 | E4: =(Prices!H4-Prices!H5)/Prices!H5 -> 0 | G4: =Inputs!$B$1*((Inputs!$B$6*Returns!B4)+(Inputs!$B$7*Returns!C4)+(Inputs!$B$8*Returns!D4)+(Inputs!$B$9*Returns!E4)) -> -81.874951
A5: 46129 | B5: =(Prices!B5-Prices!B6)/Prices!B6 -> 0.012085626 | C5: =(Prices!D5-Prices!D6)/Prices!D6 -> 0.013084141 | D5: =(Prices!F5-Prices!F6)/Prices!F6 -> 0.0037193406 | E5: =(Prices!H5-Prices!H6)/Prices!H6 -> 0.013293038 | G5: =Inputs!$B$1*((Inputs!$B$6*Returns!B5)+(Inputs!$B$7*Returns!C5)+(Inputs!$B$8*Returns!D5)+(Inputs!$B$9*Returns!E5)) -> 1036.4424
A6: 46128 | B6: =(Prices!B6-Prices!B7)/Prices!B7 -> 0.0024573535 | C6: =(Prices!D6-Prices!D7)/Prices!D7 -> 0.0048164418 | D6: =(Prices!F6-Prices!F7)/Prices!F7 -> -0.0014053403 | E6: =(Prices!H6-Prices!H7)/Prices!H7 -> -0.00086273441 | G6: =Inputs!$B$1*((Inputs!$B$6*Returns!B6)+(Inputs!$B$7*Returns!C6)+(Inputs!$B$8*Returns!D6)+(Inputs!$B$9*Returns!E6)) -> 174.94433
A7: 46127 | B7: =(Prices!B7-Prices!B8)/Prices!B8 -> 0.0078910232 | C7: =(Prices!D7-Prices!D8)/Prices!D8 -> 0.013999364 | D7: =(Prices!F7-Prices!F8)/Prices!F8 -> -0.0016035278 | E7: =(Prices!H7-Prices!H8)/Prices!H8 -> -0.010402391 | G7: =Inputs!$B$1*((Inputs!$B$6*Returns!B7)+(Inputs!$B$7*Returns!C7)+(Inputs!$B$8*Returns!D7)+(Inputs!$B$9*Returns!E7)) -> 521.51292
A8: 46126 | B8: =(Prices!B8-Prices!B9)/Prices!B9 -> 0.012184813 | C8: =(Prices!D8-Prices!D9)/Prices!D9 -> 0.018157081 | D8: =(Prices!F8-Prices!F9)/Prices!F9 -> 0.0026125402 | E8: =(Prices!H8-Prices!H9)/Prices!H9 -> 0.02234932 | G8: =Inputs!$B$1*((Inputs!$B$6*Returns!B8)+(Inputs!$B$7*Returns!C8)+(Inputs!$B$8*Returns!D8)+(Inputs!$B$9*Returns!E8)) -> 1230.1262
A9: 46125 | B9: =(Prices!B9-Prices!B10)/Prices!B10 -> 0.0097724664 | C9: =(Prices!D9-Prices!D10)/Prices!D10 -> 0.010342514 | D9: =(Prices!F9-Prices!F10)/Prices!F10 -> 0.0020136931 | E9: =(Prices!H9-Prices!H10)/Prices!H10 -> -0.0040491387 | G9: =Inputs!$B$1*((Inputs!$B$6*Returns!B9)+(Inputs!$B$7*Returns!C9)+(Inputs!$B$8*Returns!D9)+(Inputs!$B$9*Returns!E9)) -> 659.31244
A10: 46122 | B10: =(Prices!B10-Prices!B11)/Prices!B11 -> -0.0006618523 | C10: =(Prices!D10-Prices!D11)/Prices!D11 -> 0.0014421737 | D10: =(Prices!F10-Prices!F11)/Prices!F11 -> -0.0017087144 | E10: =(Prices!H10-Prices!H11)/Prices!H11 -> -0.0017811879 | G10: =Inputs!$B$1*((Inputs!$B$6*Returns!B10)+(Inputs!$B$7*Returns!C10)+(Inputs!$B$8*Returns!D10)+(Inputs!$B$9*Returns!E10)) -> -50.949489
A11: 46121 | B11: =(Prices!B11-Prices!B12)/Prices!B12 -> 0.0057691454 | C11: =(Prices!D11-Prices!D12)/Prices!D12 -> 0.0067646719 | D11: =(Prices!F11-Prices!F12)/Prices!F12 -> 0.00060343961 | E11: =(Prices!H11-Prices!H12)/Prices!H12 -> 0.0077785193 | G11: =Inputs!$B$1*((Inputs!$B$6*Returns!B11)+(Inputs!$B$7*Returns!C11)+(Inputs!$B$8*Returns!D11)+(Inputs!$B$9*Returns!E11)) -> 492.7538
A12: 46120 | B12: =(Prices!B12-Prices!B13)/Prices!B13 -> 0.025469494 | C12: =(Prices!D12-Prices!D13)/Prices!D13 -> 0.029732072 | D12: =(Prices!F12-Prices!F13)/Prices!F13 -> 0.0026217606 | E12: =(Prices!H12-Prices!H13)/Prices!H13 -> 0.0062990667 | G12: =Inputs!$B$1*((Inputs!$B$6*Returns!B12)+(Inputs!$B$7*Returns!C12)+(Inputs!$B$8*Returns!D12)+(Inputs!$B$9*Returns!E12)) -> 1890.6162
A13: 46119 | B13: =(Prices!B13-Prices!B14)/Prices!B14 -> 0.00044010745 | C13: =(Prices!D13-Prices!D14)/Prices!D14 -> 0.00015293118 | D13: =(Prices!F13-Prices!F14)/Prices!F14 -> 0.0012115093 | E13: =(Prices!H13-Prices!H14)/Prices!H14 -> 0.009727581 | G13: =Inputs!$B$1*((Inputs!$B$6*Returns!B13)+(Inputs!$B$7*Returns!C13)+(Inputs!$B$8*Returns!D13)+(Inputs!$B$9*Returns!E13)) -> 148.99112
... A251: 45771 | B251: =(Prices!B251-Prices!B252)/Prices!B252 -> 0.021048896 | C251: =(Prices!D251-Prices!D252)/Prices!D252 -> 0.0281371 | D251: =(Prices!F251-Prices!F252)/Prices!F252 -> 0.0055271238 | E251: =(Prices!H251-Prices!H252)/Prices!H252 -> 0.014556233 | G251: =Inputs!$B$1*((Inputs!$B$6*Returns!B251)+(Inputs!$B$7*Returns!C251)+(Inputs!$B$8*Returns!D251)+(Inputs!$B$9*Returns!E251)) -> 1829.1238
A252: 45770
E254: Mean Portfolio Return | G254: =AVERAGE(G1:G251) -> 102.55131

Sheet Var_Calcs
B1: SPY | C1: QQQ | D1: AGG | E1: GLD
A2: SPY | B2: =_xlfn.COVARIANCE.S(Returns!$B$2:$B$252,Returns!B2:B252) -> 6.3669477e-05 | C2: =_xlfn.COVARIANCE.S(Returns!$B$2:$B$252,Returns!C2:C252) -> 7.8689792e-05 | D2: =_xlfn.COVARIANCE.S(Returns!$B$2:$B$252,Returns!D2:D252) -> 4.3864714e-06 | E2: =_xlfn.COVARIANCE.S(Returns!$B$2:$B$252,Returns!E2:E252) -> 1.1749575e-05
A3: QQQ | B3: =_xlfn.COVARIANCE.S(Returns!$C$2:$C$252,Returns!B2:B252) -> 7.8689792e-05 | C3: =_xlfn.COVARIANCE.S(Returns!$C$2:$C$252,Returns!C2:C252) -> 0.00010655893 | D3: =_xlfn.COVARIANCE.S(Returns!$C$2:$C$252,Returns!D2:D252) -> 3.8216779e-06 | E3: =_xlfn.COVARIANCE.S(Returns!$C$2:$C$252,Returns!E2:E252) -> 1.6939847e-05
A4: AGG | B4: =_xlfn.COVARIANCE.S(Returns!$D$2:$D$252,Returns!B2:B252) -> 4.3864714e-06 | C4: =_xlfn.COVARIANCE.S(Returns!$D$2:$D$252,Returns!C2:C252) -> 3.8216779e-06 | D4: =_xlfn.COVARIANCE.S(Returns!$D$2:$D$252,Returns!D2:D252) -> 7.04919e-06 | E4: =_xlfn.COVARIANCE.S(Returns!$D$2:$D$252,Returns!E2:E252) -> 6.9177707e-06
A5: GLD | B5: =_xlfn.COVARIANCE.S(Returns!$E$2:$E$252,Returns!B2:B252) -> 1.1749575e-05 | C5: =_xlfn.COVARIANCE.S(Returns!$E$2:$E$252,Returns!C2:C252) -> 1.6939847e-05 | D5: =_xlfn.COVARIANCE.S(Returns!$E$2:$E$252,Returns!D2:D252) -> 6.9177707e-06 | E5: =_xlfn.COVARIANCE.S(Returns!$E$2:$E$252,Returns!E2:E252) -> 0.00029667663
B7: SPY | C7: QQQ | D7: AGG | E7: GLD
A8: Expected Return | B8: 0.07 | C8: 0.1 | D8: 0.02 | E8: 0.02
A9: St. Dev. | B9: =_xlfn.STDEV.S(Returns!B2:B251)*(Inputs!$B$3^0.5) -> 0.12666771 | C9: =_xlfn.STDEV.S(Returns!C2:C251)*(Inputs!$B$3^0.5) -> 0.16386839 | D9: =_xlfn.STDEV.S(Returns!D2:D251)*(Inputs!$B$3^0.5) -> 0.042147312 | E9: =_xlfn.STDEV.S(Returns!E2:E251)*(Inputs!$B$3^0.5) -> 0.27342734
A11: Portfolio Variance | B11: {=MMULT(TRANSPOSE(Inputs!B6:B9),MMULT(Var_Calcs!B2:E5,Inputs!B6:B9))} -> 3.94802e-05
A12: St. Dev. Of Portfolio Return | B12: =SQRT(B11) -> 0.0062833271
